run_id,stage_id,planned_cost,measured_cost,adjusted_measured_cost,retry_rate,qa_eval_multiplier,variance_pct,review_flag
TM_001-A001-00001,TM_001,6e-05,4e-06,5e-06,0.02,1.02,-92.67,High variance: estimate too conservative
TM_001-A002-00002,TM_001,6e-05,4e-06,5e-06,0.02,1.02,-92.67,High variance: estimate too conservative
TM_001-A003-00003,TM_001,6e-05,4e-06,5e-06,0.02,1.02,-92.67,High variance: estimate too conservative
TM_001-A004-00004,TM_001,6e-05,4e-06,5e-06,0.02,1.02,-92.67,High variance: estimate too conservative
TM_001-A005-00005,TM_001,6e-05,4e-06,5e-06,0.02,1.02,-92.67,High variance: estimate too conservative
TM_001-A006-00006,TM_001,6e-05,4e-06,5e-06,0.02,1.02,-92.67,High variance: estimate too conservative
TM_001-A007-00007,TM_001,6e-05,4e-06,5e-06,0.02,1.02,-92.67,High variance: estimate too conservative
TM_001-A008-00008,TM_001,6e-05,4e-06,5e-06,0.02,1.02,-92.67,High variance: estimate too conservative
TM_001-A009-00009,TM_001,6e-05,4e-06,5e-06,0.02,1.02,-92.67,High variance: estimate too conservative
TM_001-A010-00010,TM_001,6e-05,4e-06,5e-06,0.02,1.02,-92.67,High variance: estimate too conservative
TM_001-A011-00011,TM_001,6e-05,4e-06,5e-06,0.02,1.02,-92.67,High variance: estimate too conservative
TM_001-A012-00012,TM_001,6e-05,4e-06,5e-06,0.02,1.02,-92.67,High variance: estimate too conservative
TM_001-A013-00013,TM_001,6e-05,4e-06,5e-06,0.02,1.02,-92.67,High variance: estimate too conservative
TM_001-A014-00014,TM_001,6e-05,4e-06,5e-06,0.02,1.02,-92.67,High variance: estimate too conservative
TM_001-A015-00015,TM_001,6e-05,4e-06,5e-06,0.02,1.02,-92.67,High variance: estimate too conservative
TM_001-A016-00016,TM_001,6e-05,4e-06,5e-06,0.02,1.02,-92.67,High variance: estimate too conservative
TM_001-A017-00017,TM_001,6e-05,4e-06,5e-06,0.02,1.02,-92.67,High variance: estimate too conservative
TM_001-A018-00018,TM_001,6e-05,4e-06,5e-06,0.02,1.02,-92.67,High variance: estimate too conservative
TM_002-A001-00019,TM_002,0.005,0.001788,0.002159,0.05,1.15,-64.24,High variance: estimate too conservative
TM_002-A002-00020,TM_002,0.005,0.00177,0.002137,0.05,1.15,-64.6,High variance: estimate too conservative
TM_002-A003-00021,TM_002,0.005,0.001641,0.001982,0.05,1.15,-67.18,High variance: estimate too conservative
TM_002-A004-00022,TM_002,0.005,0.00165,0.001992,0.05,1.15,-67.0,High variance: estimate too conservative
TM_002-A005-00023,TM_002,0.005,0.001874,0.002263,0.05,1.15,-62.52,High variance: estimate too conservative
TM_002-A006-00024,TM_002,0.005,0.001687,0.002037,0.05,1.15,-66.26,High variance: estimate too conservative
TM_002-A007-00025,TM_002,0.005,0.001521,0.001837,0.05,1.15,-69.58,High variance: estimate too conservative
TM_002-A008-00026,TM_002,0.005,0.001855,0.00224,0.05,1.15,-62.9,High variance: estimate too conservative
TM_002-A009-00027,TM_002,0.005,0.001458,0.001761,0.05,1.15,-70.84,High variance: estimate too conservative
TM_002-A010-00028,TM_002,0.005,0.001785,0.002155,0.05,1.15,-64.3,High variance: estimate too conservative
TM_002-A011-00029,TM_002,0.005,0.001456,0.001758,0.05,1.15,-70.88,High variance: estimate too conservative
TM_002-A012-00030,TM_002,0.005,0.001673,0.00202,0.05,1.15,-66.54,High variance: estimate too conservative
TM_002-A013-00031,TM_002,0.005,0.001459,0.001762,0.05,1.15,-70.82,High variance: estimate too conservative
TM_002-A014-00032,TM_002,0.005,0.001845,0.002228,0.05,1.15,-63.1,High variance: estimate too conservative
TM_002-A015-00033,TM_002,0.005,0.001742,0.002103,0.05,1.15,-65.16,High variance: estimate too conservative
TM_002-A016-00034,TM_002,0.005,0.001492,0.001802,0.05,1.15,-70.16,High variance: estimate too conservative
TM_002-A017-00035,TM_002,0.005,0.001746,0.002108,0.05,1.15,-65.08,High variance: estimate too conservative
TM_002-A018-00036,TM_002,0.005,0.001674,0.002021,0.05,1.15,-66.52,High variance: estimate too conservative
TM_003-A008-00037,TM_003,0.01125,0.002285,0.003028,0.06,1.25,-79.69,High variance: estimate too conservative
TM_003-A014-00038,TM_003,0.01125,0.002255,0.002988,0.06,1.25,-79.96,High variance: estimate too conservative
TM_003-A017-00039,TM_003,0.01125,0.002285,0.003028,0.06,1.25,-79.69,High variance: estimate too conservative
TM_003-A005-00040,TM_003,0.01125,0.0023,0.003047,0.06,1.25,-79.56,High variance: estimate too conservative
TM_003-A002-00041,TM_003,0.01125,0.002285,0.003028,0.06,1.25,-79.69,High variance: estimate too conservative
TM_003-A004-00042,TM_003,0.01125,0.00224,0.002968,0.06,1.25,-80.09,High variance: estimate too conservative
TM_003-A012-00043,TM_003,0.01125,0.002255,0.002988,0.06,1.25,-79.96,High variance: estimate too conservative
TM_003-A010-00044,TM_003,0.01125,0.00224,0.002968,0.06,1.25,-80.09,High variance: estimate too conservative
TM_003-A001-00045,TM_003,0.01125,0.002255,0.002988,0.06,1.25,-79.96,High variance: estimate too conservative
TM_003-A015-00046,TM_003,0.01125,0.002255,0.002988,0.06,1.25,-79.96,High variance: estimate too conservative
TM_003-A018-00047,TM_003,0.01125,0.002195,0.002908,0.06,1.25,-80.49,High variance: estimate too conservative
TM_003-A003-00048,TM_003,0.01125,0.002195,0.002908,0.06,1.25,-80.49,High variance: estimate too conservative
TM_003-A006-00049,TM_003,0.01125,0.00224,0.002968,0.06,1.25,-80.09,High variance: estimate too conservative
TM_003-A016-00050,TM_003,0.01125,0.00224,0.002968,0.06,1.25,-80.09,High variance: estimate too conservative
TM_003-A011-00051,TM_003,0.01125,0.002195,0.002908,0.06,1.25,-80.49,High variance: estimate too conservative
TM_003-A009-00052,TM_003,0.01125,0.00224,0.002968,0.06,1.25,-80.09,High variance: estimate too conservative
TM_003-A007-00053,TM_003,0.01125,0.002195,0.002908,0.06,1.25,-80.49,High variance: estimate too conservative
TM_003-A013-00054,TM_003,0.01125,0.002195,0.002908,0.06,1.25,-80.49,High variance: estimate too conservative
TM_004-A008-00055,TM_004,0.0285,0.005233,0.007912,0.12,1.35,-81.64,High variance: estimate too conservative
TM_004-A014-00056,TM_004,0.0285,0.005208,0.007874,0.12,1.35,-81.73,High variance: estimate too conservative
TM_004-A017-00057,TM_004,0.0285,0.004913,0.007428,0.12,1.35,-82.76,High variance: estimate too conservative
TM_004-A004-00058,TM_004,0.0285,0.004635,0.007008,0.12,1.35,-83.74,High variance: estimate too conservative
TM_004-A002-00059,TM_004,0.0285,0.004988,0.007541,0.12,1.35,-82.5,High variance: estimate too conservative
TM_004-A005-00060,TM_004,0.0285,0.005295,0.008006,0.12,1.35,-81.42,High variance: estimate too conservative
TM_004-A010-00061,TM_004,0.0285,0.00503,0.007605,0.12,1.35,-82.35,High variance: estimate too conservative
TM_004-A012-00062,TM_004,0.0285,0.004698,0.007103,0.12,1.35,-83.52,High variance: estimate too conservative
TM_004-A001-00063,TM_004,0.0285,0.005045,0.007628,0.12,1.35,-82.3,High variance: estimate too conservative
TM_004-A018-00064,TM_004,0.0285,0.004715,0.007129,0.12,1.35,-83.46,High variance: estimate too conservative
TM_004-A003-00065,TM_004,0.0285,0.004612,0.006974,0.12,1.35,-83.82,High variance: estimate too conservative
TM_004-A006-00066,TM_004,0.0285,0.004752,0.007186,0.12,1.35,-83.32,High variance: estimate too conservative
TM_004-A015-00067,TM_004,0.0285,0.004913,0.007428,0.12,1.35,-82.76,High variance: estimate too conservative
TM_004-A016-00068,TM_004,0.0285,0.004175,0.006313,0.12,1.35,-85.35,High variance: estimate too conservative
TM_004-A009-00069,TM_004,0.0285,0.004075,0.006161,0.12,1.35,-85.7,High variance: estimate too conservative
TM_004-A011-00070,TM_004,0.0285,0.004067,0.00615,0.12,1.35,-85.73,High variance: estimate too conservative
TM_004-A013-00071,TM_004,0.0285,0.00408,0.006169,0.12,1.35,-85.68,High variance: estimate too conservative
TM_005-A008-00072,TM_005,0.063,0.005556,0.009184,0.14,1.45,-91.18,High variance: estimate too conservative
TM_005-A014-00073,TM_005,0.063,0.005526,0.009134,0.14,1.45,-91.23,High variance: estimate too conservative
TM_005-A017-00074,TM_005,0.063,0.005232,0.008648,0.14,1.45,-91.7,High variance: estimate too conservative
TM_005-A005-00075,TM_005,0.063,0.005613,0.009278,0.14,1.45,-91.09,High variance: estimate too conservative
TM_005-A002-00076,TM_005,0.063,0.005304,0.008768,0.14,1.45,-91.58,High variance: estimate too conservative
TM_005-A004-00077,TM_005,0.063,0.004944,0.008172,0.14,1.45,-92.15,High variance: estimate too conservative
TM_005-A012-00078,TM_005,0.063,0.00501,0.008282,0.14,1.45,-92.05,High variance: estimate too conservative
TM_005-A010-00079,TM_005,0.063,0.005346,0.008837,0.14,1.45,-91.51,High variance: estimate too conservative
TM_005-A001-00080,TM_005,0.063,0.005355,0.008852,0.14,1.45,-91.5,High variance: estimate too conservative
TM_005-A015-00081,TM_005,0.063,0.00522,0.008629,0.14,1.45,-91.71,High variance: estimate too conservative
TM_005-A018-00082,TM_005,0.063,0.005013,0.008286,0.14,1.45,-92.04,High variance: estimate too conservative
TM_005-A003-00083,TM_005,0.063,0.004914,0.008123,0.14,1.45,-92.2,High variance: estimate too conservative
TM_005-A006-00084,TM_005,0.063,0.005052,0.008351,0.14,1.45,-91.98,High variance: estimate too conservative
TM_005-A016-00085,TM_005,0.063,0.00447,0.007389,0.14,1.45,-92.9,High variance: estimate too conservative
TM_005-A011-00086,TM_005,0.063,0.004359,0.007205,0.14,1.45,-93.08,High variance: estimate too conservative
TM_005-A009-00087,TM_005,0.063,0.004365,0.007215,0.14,1.45,-93.07,High variance: estimate too conservative
TM_005-A007-00088,TM_005,0.063,0.004557,0.007533,0.14,1.45,-92.77,High variance: estimate too conservative
TM_005-A013-00089,TM_005,0.063,0.004371,0.007225,0.14,1.45,-93.06,High variance: estimate too conservative
TM_006-A002-00090,TM_006,0.006,0.000813,0.001054,0.08,1.2,-86.45,High variance: estimate too conservative
TM_006-A004-00091,TM_006,0.006,0.000759,0.000984,0.08,1.2,-87.35,High variance: estimate too conservative
TM_006-A005-00092,TM_006,0.006,0.000869,0.001126,0.08,1.2,-85.52,High variance: estimate too conservative
TM_006-A008-00093,TM_006,0.006,0.000923,0.001196,0.08,1.2,-84.62,High variance: estimate too conservative
TM_006-A014-00094,TM_006,0.006,0.000825,0.001069,0.08,1.2,-86.25,High variance: estimate too conservative
TM_006-A017-00095,TM_006,0.006,0.000867,0.001124,0.08,1.2,-85.55,High variance: estimate too conservative
TM_007-A001-00096,TM_007,0.00425,0.00069,0.000811,0.05,1.12,-83.76,High variance: estimate too conservative
TM_007-A002-00097,TM_007,0.00425,0.000677,0.000796,0.05,1.12,-84.07,High variance: estimate too conservative
TM_007-A003-00098,TM_007,0.00425,0.000668,0.000786,0.05,1.12,-84.28,High variance: estimate too conservative
TM_007-A004-00099,TM_007,0.00425,0.000633,0.000744,0.05,1.12,-85.11,High variance: estimate too conservative
TM_007-A005-00100,TM_007,0.00425,0.000689,0.00081,0.05,1.12,-83.79,High variance: estimate too conservative
TM_007-A006-00101,TM_007,0.00425,0.00069,0.000811,0.05,1.12,-83.76,High variance: estimate too conservative
TM_007-A008-00102,TM_007,0.00425,0.000703,0.000827,0.05,1.12,-83.46,High variance: estimate too conservative
TM_007-A010-00103,TM_007,0.00425,0.00069,0.000811,0.05,1.12,-83.76,High variance: estimate too conservative
TM_007-A012-00104,TM_007,0.00425,0.000677,0.000796,0.05,1.12,-84.07,High variance: estimate too conservative
TM_007-A014-00105,TM_007,0.00425,0.000683,0.000803,0.05,1.12,-83.93,High variance: estimate too conservative
TM_007-A015-00106,TM_007,0.00425,0.000697,0.00082,0.05,1.12,-83.6,High variance: estimate too conservative
TM_007-A017-00107,TM_007,0.00425,0.000698,0.000821,0.05,1.12,-83.58,High variance: estimate too conservative
TM_007-A018-00108,TM_007,0.00425,0.000678,0.000797,0.05,1.12,-84.05,High variance: estimate too conservative
TM_008-A001-00109,TM_008,7e-05,4e-06,5e-06,0.02,1.02,-93.74,High variance: estimate too conservative
TM_008-A002-00110,TM_008,7e-05,4e-06,5e-06,0.02,1.02,-93.74,High variance: estimate too conservative
TM_008-A003-00111,TM_008,7e-05,4e-06,5e-06,0.02,1.02,-93.74,High variance: estimate too conservative
TM_008-A004-00112,TM_008,7e-05,4e-06,5e-06,0.02,1.02,-93.74,High variance: estimate too conservative
TM_008-A005-00113,TM_008,7e-05,4e-06,5e-06,0.02,1.02,-93.74,High variance: estimate too conservative
TM_008-A006-00114,TM_008,7e-05,4e-06,5e-06,0.02,1.02,-93.74,High variance: estimate too conservative
TM_008-A008-00115,TM_008,7e-05,4e-06,5e-06,0.02,1.02,-93.74,High variance: estimate too conservative
TM_008-A010-00116,TM_008,7e-05,4e-06,5e-06,0.02,1.02,-93.74,High variance: estimate too conservative
TM_008-A012-00117,TM_008,7e-05,4e-06,5e-06,0.02,1.02,-93.74,High variance: estimate too conservative
TM_008-A014-00118,TM_008,7e-05,4e-06,5e-06,0.02,1.02,-93.74,High variance: estimate too conservative
TM_008-A015-00119,TM_008,7e-05,4e-06,5e-06,0.02,1.02,-93.74,High variance: estimate too conservative
TM_008-A017-00120,TM_008,7e-05,4e-06,5e-06,0.02,1.02,-93.74,High variance: estimate too conservative
TM_008-A018-00121,TM_008,7e-05,4e-06,5e-06,0.02,1.02,-93.74,High variance: estimate too conservative
TM_009-A008-00122,TM_009,0.0055,0.000907,0.001154,0.06,1.2,-83.51,High variance: estimate too conservative
TM_009-A014-00123,TM_009,0.0055,0.000885,0.001126,0.06,1.2,-83.91,High variance: estimate too conservative
TM_009-A017-00124,TM_009,0.0055,0.000907,0.001154,0.06,1.2,-83.51,High variance: estimate too conservative
TM_009-A005-00125,TM_009,0.0055,0.0009,0.001145,0.06,1.2,-83.64,High variance: estimate too conservative
TM_009-A002-00126,TM_009,0.0055,0.000889,0.001131,0.06,1.2,-83.84,High variance: estimate too conservative
TM_009-A004-00127,TM_009,0.0055,0.000796,0.001013,0.06,1.2,-85.53,High variance: estimate too conservative
TM_009-A012-00128,TM_009,0.0055,0.000879,0.001118,0.06,1.2,-84.02,High variance: estimate too conservative
TM_009-A010-00129,TM_009,0.0055,0.000886,0.001127,0.06,1.2,-83.89,High variance: estimate too conservative
TM_009-A001-00130,TM_009,0.0055,0.000886,0.001127,0.06,1.2,-83.89,High variance: estimate too conservative
TM_009-A015-00131,TM_009,0.0055,0.000892,0.001135,0.06,1.2,-83.78,High variance: estimate too conservative
TM_009-A018-00132,TM_009,0.0055,0.000835,0.001062,0.06,1.2,-84.82,High variance: estimate too conservative
TM_009-A003-00133,TM_009,0.0055,0.000852,0.001084,0.06,1.2,-84.51,High variance: estimate too conservative
TM_009-A006-00134,TM_009,0.0055,0.000886,0.001127,0.06,1.2,-83.89,High variance: estimate too conservative
TM_010-A008-00135,TM_010,0.031,0.002302,0.003293,0.1,1.3,-92.57,High variance: estimate too conservative
TM_010-A014-00136,TM_010,0.031,0.002273,0.00325,0.1,1.3,-92.67,High variance: estimate too conservative
TM_010-A017-00137,TM_010,0.031,0.002302,0.003293,0.1,1.3,-92.57,High variance: estimate too conservative
TM_010-A005-00138,TM_010,0.031,0.002318,0.003314,0.1,1.3,-92.52,High variance: estimate too conservative
TM_010-A002-00139,TM_010,0.031,0.002302,0.003293,0.1,1.3,-92.57,High variance: estimate too conservative
TM_010-A004-00140,TM_010,0.031,0.002257,0.003228,0.1,1.3,-92.72,High variance: estimate too conservative
TM_010-A012-00141,TM_010,0.031,0.002257,0.003228,0.1,1.3,-92.72,High variance: estimate too conservative
TM_010-A010-00142,TM_010,0.031,0.002257,0.003228,0.1,1.3,-92.72,High variance: estimate too conservative
TM_010-A001-00143,TM_010,0.031,0.002257,0.003228,0.1,1.3,-92.72,High variance: estimate too conservative
TM_010-A015-00144,TM_010,0.031,0.002257,0.003228,0.1,1.3,-92.72,High variance: estimate too conservative
TM_010-A018-00145,TM_010,0.031,0.002213,0.003164,0.1,1.3,-92.86,High variance: estimate too conservative
TM_010-A003-00146,TM_010,0.031,0.002213,0.003164,0.1,1.3,-92.86,High variance: estimate too conservative
TM_010-A006-00147,TM_010,0.031,0.002257,0.003228,0.1,1.3,-92.72,High variance: estimate too conservative
TM_010-A016-00148,TM_010,0.031,0.002257,0.003228,0.1,1.3,-92.72,High variance: estimate too conservative
TM_010-A011-00149,TM_010,0.031,0.002213,0.003164,0.1,1.3,-92.86,High variance: estimate too conservative
TM_010-A009-00150,TM_010,0.031,0.002257,0.003228,0.1,1.3,-92.72,High variance: estimate too conservative
TM_010-A007-00151,TM_010,0.031,0.002213,0.003164,0.1,1.3,-92.86,High variance: estimate too conservative
TM_010-A013-00152,TM_010,0.031,0.002213,0.003164,0.1,1.3,-92.86,High variance: estimate too conservative
TM_011-A002-00153,TM_011,0.00525,0.000812,0.001016,0.06,1.18,-84.53,High variance: estimate too conservative
TM_011-A004-00154,TM_011,0.00525,0.000758,0.000948,0.06,1.18,-85.56,High variance: estimate too conservative
TM_011-A005-00155,TM_011,0.00525,0.000869,0.001087,0.06,1.18,-83.45,High variance: estimate too conservative
TM_011-A008-00156,TM_011,0.00525,0.000923,0.001154,0.06,1.18,-82.42,High variance: estimate too conservative
TM_011-A014-00157,TM_011,0.00525,0.000825,0.001032,0.06,1.18,-84.29,High variance: estimate too conservative
TM_011-A017-00158,TM_011,0.00525,0.000866,0.001083,0.06,1.18,-83.5,High variance: estimate too conservative
TM_012-T001-00159,TM_012,0.00675,0.001454,0.001884,0.08,1.2,-78.46,High variance: estimate too conservative
TM_012-T002-00160,TM_012,0.00675,0.001394,0.001807,0.08,1.2,-79.35,High variance: estimate too conservative
TM_012-T003-00161,TM_012,0.00675,0.001385,0.001795,0.08,1.2,-79.48,High variance: estimate too conservative
TM_012-T004-00162,TM_012,0.00675,0.00132,0.001711,0.08,1.2,-80.44,High variance: estimate too conservative
TM_012-T005-00163,TM_012,0.00675,0.001353,0.001753,0.08,1.2,-79.96,High variance: estimate too conservative
TM_012-T006-00164,TM_012,0.00675,0.001458,0.00189,0.08,1.2,-78.4,High variance: estimate too conservative
TM_012-T007-00165,TM_012,0.00675,0.001352,0.001752,0.08,1.2,-79.97,High variance: estimate too conservative
TM_012-T008-00166,TM_012,0.00675,0.001358,0.00176,0.08,1.2,-79.88,High variance: estimate too conservative
TM_012-T009-00167,TM_012,0.00675,0.001302,0.001687,0.08,1.2,-80.71,High variance: estimate too conservative
TM_012-T010-00168,TM_012,0.00675,0.001403,0.001818,0.08,1.2,-79.21,High variance: estimate too conservative
TM_012-T011-00169,TM_012,0.00675,0.001296,0.00168,0.08,1.2,-80.8,High variance: estimate too conservative
TM_012-T012-00170,TM_012,0.00675,0.001329,0.001722,0.08,1.2,-80.31,High variance: estimate too conservative
TM_013-T001-00171,TM_013,0.0001,3e-06,4e-06,0.03,1.05,-96.74,High variance: estimate too conservative
TM_013-T002-00172,TM_013,0.0001,3e-06,4e-06,0.03,1.05,-96.74,High variance: estimate too conservative
TM_013-T003-00173,TM_013,0.0001,3e-06,4e-06,0.03,1.05,-96.74,High variance: estimate too conservative
TM_013-T004-00174,TM_013,0.0001,3e-06,4e-06,0.03,1.05,-96.74,High variance: estimate too conservative
TM_013-T005-00175,TM_013,0.0001,3e-06,4e-06,0.03,1.05,-96.74,High variance: estimate too conservative
TM_013-T006-00176,TM_013,0.0001,3e-06,4e-06,0.03,1.05,-96.74,High variance: estimate too conservative
TM_013-T007-00177,TM_013,0.0001,3e-06,4e-06,0.03,1.05,-96.74,High variance: estimate too conservative
TM_013-T008-00178,TM_013,0.0001,3e-06,4e-06,0.03,1.05,-96.74,High variance: estimate too conservative
TM_013-T009-00179,TM_013,0.0001,3e-06,4e-06,0.03,1.05,-96.74,High variance: estimate too conservative
TM_013-T010-00180,TM_013,0.0001,3e-06,4e-06,0.03,1.05,-96.74,High variance: estimate too conservative
TM_013-T011-00181,TM_013,0.0001,3e-06,4e-06,0.03,1.05,-96.74,High variance: estimate too conservative
TM_013-T012-00182,TM_013,0.0001,3e-06,4e-06,0.03,1.05,-96.74,High variance: estimate too conservative
TM_014-T001-00183,TM_014,0.057,0.004368,0.007032,0.15,1.4,-92.34,High variance: estimate too conservative
TM_014-T002-00184,TM_014,0.057,0.004188,0.006743,0.15,1.4,-92.65,High variance: estimate too conservative
TM_014-T003-00185,TM_014,0.057,0.004161,0.006699,0.15,1.4,-92.7,High variance: estimate too conservative
TM_014-T004-00186,TM_014,0.057,0.003966,0.006385,0.15,1.4,-93.04,High variance: estimate too conservative
TM_014-T005-00187,TM_014,0.057,0.004065,0.006545,0.15,1.4,-92.87,High variance: estimate too conservative
TM_014-T006-00188,TM_014,0.057,0.004377,0.007047,0.15,1.4,-92.32,High variance: estimate too conservative
TM_014-T007-00189,TM_014,0.057,0.004059,0.006535,0.15,1.4,-92.88,High variance: estimate too conservative
TM_014-T008-00190,TM_014,0.057,0.004077,0.006564,0.15,1.4,-92.85,High variance: estimate too conservative
TM_014-T009-00191,TM_014,0.057,0.003909,0.006293,0.15,1.4,-93.14,High variance: estimate too conservative
TM_014-T010-00192,TM_014,0.057,0.004215,0.006786,0.15,1.4,-92.61,High variance: estimate too conservative
TM_014-T011-00193,TM_014,0.057,0.003894,0.006269,0.15,1.4,-93.17,High variance: estimate too conservative
TM_014-T012-00194,TM_014,0.057,0.003993,0.006429,0.15,1.4,-92.99,High variance: estimate too conservative
TM_015-T001-00195,TM_015,0.0075,0.000858,0.00118,0.1,1.25,-88.56,High variance: estimate too conservative
TM_015-T002-00196,TM_015,0.0075,0.000867,0.001192,0.1,1.25,-88.44,High variance: estimate too conservative
TM_015-T003-00197,TM_015,0.0075,0.000843,0.001159,0.1,1.25,-88.76,High variance: estimate too conservative
TM_015-T004-00198,TM_015,0.0075,0.000837,0.001151,0.1,1.25,-88.84,High variance: estimate too conservative
TM_015-T005-00199,TM_015,0.0075,0.000831,0.001143,0.1,1.25,-88.92,High variance: estimate too conservative
TM_015-T006-00200,TM_015,0.0075,0.000867,0.001192,0.1,1.25,-88.44,High variance: estimate too conservative
TM_015-T007-00201,TM_015,0.0075,0.000857,0.001178,0.1,1.25,-88.57,High variance: estimate too conservative
TM_015-T008-00202,TM_015,0.0075,0.000837,0.001151,0.1,1.25,-88.84,High variance: estimate too conservative
TM_015-T009-00203,TM_015,0.0075,0.000837,0.001151,0.1,1.25,-88.84,High variance: estimate too conservative
TM_015-T010-00204,TM_015,0.0075,0.000849,0.001167,0.1,1.25,-88.68,High variance: estimate too conservative
TM_015-T011-00205,TM_015,0.0075,0.000831,0.001143,0.1,1.25,-88.92,High variance: estimate too conservative
TM_015-T012-00206,TM_015,0.0075,0.000841,0.001156,0.1,1.25,-88.79,High variance: estimate too conservative
TM_016-integration_sync-00207,TM_016,0.068,0.00387,0.006453,0.15,1.45,-94.31,High variance: estimate too conservative
TM_016-onboarding_mobile-00208,TM_016,0.068,0.003887,0.006482,0.15,1.45,-94.28,High variance: estimate too conservative
TM_016-reporting_dashboard-00209,TM_016,0.068,0.003935,0.006562,0.15,1.45,-94.21,High variance: estimate too conservative
TM_017-C001-00210,TM_017,0.00014,3e-06,4e-06,0.03,1.05,-97.54,High variance: estimate too conservative
TM_017-C002-00211,TM_017,0.00014,3e-06,4e-06,0.03,1.05,-97.54,High variance: estimate too conservative
TM_017-C003-00212,TM_017,0.00014,3e-06,4e-06,0.03,1.05,-97.54,High variance: estimate too conservative
TM_017-C004-00213,TM_017,0.00014,3e-06,4e-06,0.03,1.05,-97.54,High variance: estimate too conservative
TM_017-C005-00214,TM_017,0.00014,3e-06,4e-06,0.03,1.05,-97.54,High variance: estimate too conservative
TM_017-C006-00215,TM_017,0.00014,3e-06,4e-06,0.03,1.05,-97.54,High variance: estimate too conservative
TM_017-C007-00216,TM_017,0.00014,3e-06,4e-06,0.03,1.05,-97.54,High variance: estimate too conservative
TM_017-C008-00217,TM_017,0.00014,3e-06,4e-06,0.03,1.05,-97.54,High variance: estimate too conservative
TM_017-C009-00218,TM_017,0.00014,3e-06,4e-06,0.03,1.05,-97.54,High variance: estimate too conservative
TM_017-C010-00219,TM_017,0.00014,3e-06,4e-06,0.03,1.05,-97.54,High variance: estimate too conservative
TM_017-C011-00220,TM_017,0.00014,3e-06,4e-06,0.03,1.05,-97.54,High variance: estimate too conservative
TM_017-C012-00221,TM_017,0.00014,3e-06,4e-06,0.03,1.05,-97.54,High variance: estimate too conservative
TM_018-C001-00222,TM_018,0.099,0.003648,0.006083,0.15,1.45,-96.32,High variance: estimate too conservative
TM_018-C002-00223,TM_018,0.099,0.003693,0.006158,0.15,1.45,-96.27,High variance: estimate too conservative
TM_018-C003-00224,TM_018,0.099,0.0036,0.006003,0.15,1.45,-96.36,High variance: estimate too conservative
TM_018-C004-00225,TM_018,0.099,0.0036,0.006003,0.15,1.45,-96.36,High variance: estimate too conservative
TM_018-C005-00226,TM_018,0.099,0.003576,0.005963,0.15,1.45,-96.39,High variance: estimate too conservative
TM_018-C006-00227,TM_018,0.099,0.003552,0.005923,0.15,1.45,-96.41,High variance: estimate too conservative
TM_018-C007-00228,TM_018,0.099,0.00345,0.005753,0.15,1.45,-96.52,High variance: estimate too conservative
TM_018-C008-00229,TM_018,0.099,0.003456,0.005763,0.15,1.45,-96.51,High variance: estimate too conservative
TM_018-C009-00230,TM_018,0.099,0.00339,0.005653,0.15,1.45,-96.58,High variance: estimate too conservative
TM_018-C010-00231,TM_018,0.099,0.003282,0.005473,0.15,1.45,-96.68,High variance: estimate too conservative
TM_018-C011-00232,TM_018,0.099,0.003447,0.005748,0.15,1.45,-96.52,High variance: estimate too conservative
TM_018-C012-00233,TM_018,0.099,0.003507,0.005848,0.15,1.45,-96.46,High variance: estimate too conservative
TM_019-C001-00234,TM_019,0.062,0.003413,0.00516,0.12,1.35,-94.5,High variance: estimate too conservative
TM_019-C002-00235,TM_019,0.062,0.003463,0.005235,0.12,1.35,-94.42,High variance: estimate too conservative
TM_019-C003-00236,TM_019,0.062,0.00337,0.005095,0.12,1.35,-94.56,High variance: estimate too conservative
TM_019-C004-00237,TM_019,0.062,0.003367,0.005092,0.12,1.35,-94.57,High variance: estimate too conservative
TM_019-C005-00238,TM_019,0.062,0.003345,0.005058,0.12,1.35,-94.6,High variance: estimate too conservative
TM_019-C006-00239,TM_019,0.062,0.00332,0.00502,0.12,1.35,-94.65,High variance: estimate too conservative
TM_019-C007-00240,TM_019,0.062,0.00322,0.004869,0.12,1.35,-94.81,High variance: estimate too conservative
TM_019-C008-00241,TM_019,0.062,0.003225,0.004876,0.12,1.35,-94.8,High variance: estimate too conservative
TM_019-C009-00242,TM_019,0.062,0.003163,0.004782,0.12,1.35,-94.9,High variance: estimate too conservative
TM_019-C010-00243,TM_019,0.062,0.003053,0.004615,0.12,1.35,-95.08,High variance: estimate too conservative
TM_019-C011-00244,TM_019,0.062,0.003217,0.004865,0.12,1.35,-94.81,High variance: estimate too conservative
TM_019-C012-00245,TM_019,0.062,0.003277,0.004956,0.12,1.35,-94.71,High variance: estimate too conservative
TM_020-C001-00246,TM_020,0.00675,0.000893,0.001117,0.06,1.18,-86.77,High variance: estimate too conservative
TM_020-C003-00247,TM_020,0.00675,0.000877,0.001097,0.06,1.18,-87.01,High variance: estimate too conservative
TM_020-C007-00248,TM_020,0.00675,0.000875,0.001094,0.06,1.18,-87.04,High variance: estimate too conservative
TM_020-C002-00249,TM_020,0.00675,0.000893,0.001117,0.06,1.18,-86.77,High variance: estimate too conservative
TM_020-C012-00250,TM_020,0.00675,0.000894,0.001118,0.06,1.18,-86.76,High variance: estimate too conservative
TM_020-C009-00251,TM_020,0.00675,0.000877,0.001097,0.06,1.18,-87.01,High variance: estimate too conservative
TM_020-C006-00252,TM_020,0.00675,0.000883,0.001104,0.06,1.18,-86.92,High variance: estimate too conservative
TM_020-C011-00253,TM_020,0.00675,0.000877,0.001097,0.06,1.18,-87.01,High variance: estimate too conservative
TM_020-C008-00254,TM_020,0.00675,0.000884,0.001106,0.06,1.18,-86.9,High variance: estimate too conservative
TM_020-C010-00255,TM_020,0.00675,0.000868,0.001086,0.06,1.18,-87.14,High variance: estimate too conservative
TM_020-C004-00256,TM_020,0.00675,0.000874,0.001093,0.06,1.18,-87.05,High variance: estimate too conservative
TM_020-C005-00257,TM_020,0.00675,0.00089,0.001113,0.06,1.18,-86.81,High variance: estimate too conservative
TM_021-C001-00258,TM_021,0.0075,0.000638,0.000778,0.06,1.15,-91.49,High variance: estimate too conservative
TM_021-C002-00259,TM_021,0.0075,0.000638,0.000778,0.06,1.15,-91.49,High variance: estimate too conservative
TM_021-C003-00260,TM_021,0.0075,0.000638,0.000778,0.06,1.15,-91.49,High variance: estimate too conservative
TM_021-C004-00261,TM_021,0.0075,0.00064,0.00078,0.06,1.15,-91.47,High variance: estimate too conservative
TM_021-C005-00262,TM_021,0.0075,0.000641,0.000781,0.06,1.15,-91.45,High variance: estimate too conservative
TM_021-C006-00263,TM_021,0.0075,0.000639,0.000779,0.06,1.15,-91.48,High variance: estimate too conservative
TM_021-C007-00264,TM_021,0.0075,0.000636,0.000775,0.06,1.15,-91.52,High variance: estimate too conservative
TM_021-C008-00265,TM_021,0.0075,0.00064,0.00078,0.06,1.15,-91.47,High variance: estimate too conservative
TM_021-C009-00266,TM_021,0.0075,0.000638,0.000778,0.06,1.15,-91.49,High variance: estimate too conservative
TM_021-C010-00267,TM_021,0.0075,0.000639,0.000779,0.06,1.15,-91.48,High variance: estimate too conservative
TM_021-C011-00268,TM_021,0.0075,0.000638,0.000778,0.06,1.15,-91.49,High variance: estimate too conservative
TM_021-C012-00269,TM_021,0.0075,0.000639,0.000779,0.06,1.15,-91.48,High variance: estimate too conservative
TM_022-O001-00270,TM_022,0.0001,3e-06,3e-06,0.03,1.05,-97.12,High variance: estimate too conservative
TM_022-O002-00271,TM_022,0.0001,3e-06,3e-06,0.03,1.05,-97.14,High variance: estimate too conservative
TM_022-O003-00272,TM_022,0.0001,3e-06,3e-06,0.03,1.05,-97.12,High variance: estimate too conservative
TM_022-O004-00273,TM_022,0.0001,3e-06,3e-06,0.03,1.05,-97.14,High variance: estimate too conservative
TM_022-O005-00274,TM_022,0.0001,3e-06,3e-06,0.03,1.05,-97.14,High variance: estimate too conservative
TM_022-O006-00275,TM_022,0.0001,3e-06,3e-06,0.03,1.05,-97.12,High variance: estimate too conservative
TM_022-O007-00276,TM_022,0.0001,3e-06,3e-06,0.03,1.05,-97.14,High variance: estimate too conservative
TM_022-O008-00277,TM_022,0.0001,3e-06,3e-06,0.03,1.05,-97.14,High variance: estimate too conservative
TM_023-O001-00278,TM_023,0.057,0.003143,0.006134,0.22,1.6,-94.49,High variance: estimate too conservative
TM_023-O002-00279,TM_023,0.057,0.00301,0.005876,0.22,1.6,-94.72,High variance: estimate too conservative
TM_023-O003-00280,TM_023,0.057,0.002347,0.004582,0.22,1.6,-95.88,High variance: estimate too conservative
TM_023-O004-00281,TM_023,0.057,0.00301,0.005876,0.22,1.6,-94.72,High variance: estimate too conservative
TM_023-O005-00282,TM_023,0.057,0.002253,0.004397,0.22,1.6,-96.05,High variance: estimate too conservative
TM_023-O006-00283,TM_023,0.057,0.00236,0.004607,0.22,1.6,-95.86,High variance: estimate too conservative
TM_023-O007-00284,TM_023,0.057,0.002902,0.005666,0.22,1.6,-94.91,High variance: estimate too conservative
TM_023-O008-00285,TM_023,0.057,0.002338,0.004563,0.22,1.6,-95.9,High variance: estimate too conservative
TM_024-O001-00286,TM_024,0.069,0.003477,0.006154,0.18,1.5,-94.96,High variance: estimate too conservative
TM_024-O002-00287,TM_024,0.069,0.003321,0.005878,0.18,1.5,-95.19,High variance: estimate too conservative
TM_024-O004-00288,TM_024,0.069,0.003324,0.005883,0.18,1.5,-95.18,High variance: estimate too conservative
TM_024-O007-00289,TM_024,0.069,0.003201,0.005666,0.18,1.5,-95.36,High variance: estimate too conservative
TM_025-O001-00290,TM_025,0.007,0.000824,0.001133,0.1,1.25,-88.23,High variance: estimate too conservative
TM_025-O002-00291,TM_025,0.007,0.000829,0.00114,0.1,1.25,-88.16,High variance: estimate too conservative
TM_025-O004-00292,TM_025,0.007,0.000839,0.001154,0.1,1.25,-88.01,High variance: estimate too conservative
TM_025-O007-00293,TM_025,0.007,0.000809,0.001112,0.1,1.25,-88.44,High variance: estimate too conservative
TM_026-O001-00294,TM_026,0.00525,0.000635,0.000774,0.06,1.15,-87.9,High variance: estimate too conservative
TM_026-O002-00295,TM_026,0.00525,0.000635,0.000774,0.06,1.15,-87.9,High variance: estimate too conservative
TM_026-O004-00296,TM_026,0.00525,0.000635,0.000774,0.06,1.15,-87.9,High variance: estimate too conservative
TM_026-O007-00297,TM_026,0.00525,0.000635,0.000774,0.06,1.15,-87.9,High variance: estimate too conservative
TM_027-A001-00298,TM_027,0.00016,5e-06,5e-06,0.03,1.05,-97.16,High variance: estimate too conservative
TM_027-A002-00299,TM_027,0.00016,5e-06,5e-06,0.03,1.05,-97.16,High variance: estimate too conservative
TM_027-A004-00300,TM_027,0.00016,5e-06,5e-06,0.03,1.05,-97.16,High variance: estimate too conservative
TM_027-A005-00301,TM_027,0.00016,5e-06,5e-06,0.03,1.05,-97.16,High variance: estimate too conservative
TM_027-A008-00302,TM_027,0.00016,5e-06,5e-06,0.03,1.05,-97.16,High variance: estimate too conservative
TM_027-A010-00303,TM_027,0.00016,5e-06,5e-06,0.03,1.05,-97.16,High variance: estimate too conservative
TM_027-A012-00304,TM_027,0.00016,5e-06,5e-06,0.03,1.05,-97.16,High variance: estimate too conservative
TM_027-A014-00305,TM_027,0.00016,5e-06,5e-06,0.03,1.05,-97.16,High variance: estimate too conservative
TM_027-A017-00306,TM_027,0.00016,5e-06,5e-06,0.03,1.05,-97.16,High variance: estimate too conservative
TM_028-A001-00307,TM_028,0.195,0.004374,0.009072,0.22,1.7,-97.76,High variance: estimate too conservative
TM_028-A002-00308,TM_028,0.195,0.004374,0.009072,0.22,1.7,-97.76,High variance: estimate too conservative
TM_028-A004-00309,TM_028,0.195,0.00429,0.008897,0.22,1.7,-97.8,High variance: estimate too conservative
TM_028-A005-00310,TM_028,0.195,0.004374,0.009072,0.22,1.7,-97.76,High variance: estimate too conservative
TM_028-A008-00311,TM_028,0.195,0.004686,0.009719,0.22,1.7,-97.6,High variance: estimate too conservative
TM_028-A010-00312,TM_028,0.195,0.003978,0.00825,0.22,1.7,-97.96,High variance: estimate too conservative
TM_028-A012-00313,TM_028,0.195,0.003978,0.00825,0.22,1.7,-97.96,High variance: estimate too conservative
TM_028-A014-00314,TM_028,0.195,0.004686,0.009719,0.22,1.7,-97.6,High variance: estimate too conservative
TM_028-A017-00315,TM_028,0.195,0.004686,0.009719,0.22,1.7,-97.6,High variance: estimate too conservative
TM_029-A001-00316,TM_029,0.0825,0.00414,0.007328,0.18,1.5,-94.98,High variance: estimate too conservative
TM_029-A002-00317,TM_029,0.0825,0.00414,0.007328,0.18,1.5,-94.98,High variance: estimate too conservative
TM_029-A004-00318,TM_029,0.0825,0.004058,0.007182,0.18,1.5,-95.08,High variance: estimate too conservative
TM_029-A005-00319,TM_029,0.0825,0.00414,0.007328,0.18,1.5,-94.98,High variance: estimate too conservative
TM_029-A008-00320,TM_029,0.0825,0.004448,0.007872,0.18,1.5,-94.61,High variance: estimate too conservative
TM_029-A010-00321,TM_029,0.0825,0.00375,0.006637,0.18,1.5,-95.45,High variance: estimate too conservative
TM_029-A012-00322,TM_029,0.0825,0.00375,0.006637,0.18,1.5,-95.45,High variance: estimate too conservative
TM_029-A014-00323,TM_029,0.0825,0.004448,0.007872,0.18,1.5,-94.61,High variance: estimate too conservative
TM_029-A017-00324,TM_029,0.0825,0.004448,0.007872,0.18,1.5,-94.61,High variance: estimate too conservative
TM_030-A008-00325,TM_030,0.01,0.000959,0.001319,0.1,1.25,-90.41,High variance: estimate too conservative
TM_030-A014-00326,TM_030,0.01,0.000949,0.001305,0.1,1.25,-90.51,High variance: estimate too conservative
TM_030-A017-00327,TM_030,0.01,0.000959,0.001319,0.1,1.25,-90.41,High variance: estimate too conservative
TM_030-A005-00328,TM_030,0.01,0.00091,0.001251,0.1,1.25,-90.9,High variance: estimate too conservative
TM_030-A002-00329,TM_030,0.01,0.000905,0.001244,0.1,1.25,-90.95,High variance: estimate too conservative
TM_030-A004-00330,TM_030,0.01,0.000872,0.001199,0.1,1.25,-91.28,High variance: estimate too conservative
TM_030-A012-00331,TM_030,0.01,0.000823,0.001132,0.1,1.25,-91.77,High variance: estimate too conservative
TM_030-A010-00332,TM_030,0.01,0.000818,0.001125,0.1,1.25,-91.82,High variance: estimate too conservative
TM_030-A001-00333,TM_030,0.01,0.000895,0.001231,0.1,1.25,-91.05,High variance: estimate too conservative
TM_031-A001-00334,TM_031,0.078,0.002427,0.004439,0.18,1.55,-96.89,High variance: estimate too conservative
TM_031-A002-00335,TM_031,0.078,0.002427,0.004439,0.18,1.55,-96.89,High variance: estimate too conservative
TM_031-A004-00336,TM_031,0.078,0.002427,0.004439,0.18,1.55,-96.89,High variance: estimate too conservative
TM_031-A005-00337,TM_031,0.078,0.002427,0.004439,0.18,1.55,-96.89,High variance: estimate too conservative
TM_031-A008-00338,TM_031,0.078,0.002427,0.004439,0.18,1.55,-96.89,High variance: estimate too conservative
TM_031-A010-00339,TM_031,0.078,0.002427,0.004439,0.18,1.55,-96.89,High variance: estimate too conservative
TM_031-A012-00340,TM_031,0.078,0.002427,0.004439,0.18,1.55,-96.89,High variance: estimate too conservative
TM_031-A014-00341,TM_031,0.078,0.002427,0.004439,0.18,1.55,-96.89,High variance: estimate too conservative
TM_031-A017-00342,TM_031,0.078,0.002427,0.004439,0.18,1.55,-96.89,High variance: estimate too conservative
TM_032-A001-00343,TM_032,0.0095,0.000688,0.000946,0.1,1.25,-92.76,High variance: estimate too conservative
TM_032-A002-00344,TM_032,0.0095,0.000677,0.000931,0.1,1.25,-92.87,High variance: estimate too conservative
TM_032-A004-00345,TM_032,0.0095,0.000643,0.000884,0.1,1.25,-93.23,High variance: estimate too conservative
TM_032-A005-00346,TM_032,0.0095,0.000688,0.000946,0.1,1.25,-92.76,High variance: estimate too conservative
TM_032-A008-00347,TM_032,0.0095,0.000709,0.000975,0.1,1.25,-92.54,High variance: estimate too conservative
TM_032-A010-00348,TM_032,0.0095,0.000676,0.000929,0.1,1.25,-92.88,High variance: estimate too conservative
TM_032-A012-00349,TM_032,0.0095,0.000664,0.000913,0.1,1.25,-93.01,High variance: estimate too conservative
TM_032-A014-00350,TM_032,0.0095,0.000691,0.00095,0.1,1.25,-92.73,High variance: estimate too conservative
TM_032-A017-00351,TM_032,0.0095,0.000704,0.000968,0.1,1.25,-92.59,High variance: estimate too conservative
TM_033-A002-00352,TM_033,0.00725,0.001776,0.002442,0.1,1.25,-75.5,High variance: estimate too conservative
TM_033-A004-00353,TM_033,0.00725,0.001652,0.002272,0.1,1.25,-77.21,High variance: estimate too conservative
TM_033-A005-00354,TM_033,0.00725,0.001891,0.0026,0.1,1.25,-73.92,High variance: estimate too conservative
TM_033-A008-00355,TM_033,0.00725,0.001881,0.002586,0.1,1.25,-74.06,High variance: estimate too conservative
TM_033-A014-00356,TM_033,0.00725,0.001858,0.002555,0.1,1.25,-74.37,High variance: estimate too conservative
TM_033-A017-00357,TM_033,0.00725,0.001761,0.002421,0.1,1.25,-75.71,High variance: estimate too conservative
TM_034-A002-00358,TM_034,0.009,0.000821,0.001174,0.1,1.3,-90.88,High variance: estimate too conservative
TM_034-A004-00359,TM_034,0.009,0.000767,0.001097,0.1,1.3,-91.48,High variance: estimate too conservative
TM_034-A005-00360,TM_034,0.009,0.000877,0.001254,0.1,1.3,-90.26,High variance: estimate too conservative
TM_034-A008-00361,TM_034,0.009,0.000931,0.001331,0.1,1.3,-89.66,High variance: estimate too conservative
TM_034-A014-00362,TM_034,0.009,0.000833,0.001191,0.1,1.3,-90.74,High variance: estimate too conservative
TM_034-A017-00363,TM_034,0.009,0.000875,0.001251,0.1,1.3,-90.28,High variance: estimate too conservative
TM_035-A008-00364,TM_035,0.007,0.000988,0.00128,0.08,1.2,-85.89,High variance: estimate too conservative
TM_035-A014-00365,TM_035,0.007,0.0009,0.001166,0.08,1.2,-87.14,High variance: estimate too conservative
TM_035-A017-00366,TM_035,0.007,0.000917,0.001188,0.08,1.2,-86.9,High variance: estimate too conservative
TM_035-A005-00367,TM_035,0.007,0.000934,0.00121,0.08,1.2,-86.66,High variance: estimate too conservative
TM_035-A002-00368,TM_035,0.007,0.000863,0.001118,0.08,1.2,-87.67,High variance: estimate too conservative
TM_035-A004-00369,TM_035,0.007,0.000824,0.001068,0.08,1.2,-88.23,High variance: estimate too conservative
TM_036-A002-00370,TM_036,0.00575,0.000681,0.00083,0.06,1.15,-88.16,High variance: estimate too conservative
TM_036-A004-00371,TM_036,0.00575,0.000646,0.000787,0.06,1.15,-88.77,High variance: estimate too conservative
TM_036-A005-00372,TM_036,0.00575,0.000703,0.000857,0.06,1.15,-87.77,High variance: estimate too conservative
TM_036-A008-00373,TM_036,0.00575,0.000725,0.000884,0.06,1.15,-87.39,High variance: estimate too conservative
TM_036-A014-00374,TM_036,0.00575,0.000694,0.000846,0.06,1.15,-87.93,High variance: estimate too conservative
TM_036-A017-00375,TM_036,0.00575,0.000708,0.000863,0.06,1.15,-87.69,High variance: estimate too conservative
TM_037-A008-00376,TM_037,0.3,0.007605,0.015971,0.2,1.75,-97.46,High variance: estimate too conservative
TM_037-A005-00377,TM_037,0.3,0.00755,0.015855,0.2,1.75,-97.48,High variance: estimate too conservative
TM_037-A002-00378,TM_037,0.3,0.00751,0.015771,0.2,1.75,-97.5,High variance: estimate too conservative
